Item,Description,Quantity,Unit Price ,Total Price ,URL
ARDUINO NANO,brain,1,"3,08","3,08",https://www.aliexpress.com/item/1005006472755752.html
BMP280 ,barometer,1,"5,52","5,52",https://www.aliexpress.com/item/1005008511564094.html
MPU6050,accelerometer,1,"2,64","2,64",https://www.aliexpress.com/item/1005006104263942.html
IRLZ44N,mosfets,10,"0,26","2,61",https://www.aliexpress.com/item/1005009242758699.html
XT30,battey plug,10,"0,34","3,37",https://www.aliexpress.com/item/1005007257783857.html
22AWG WIRE,wire (black and red 5 meters),1,"3,44","3,44",https://www.aliexpress.com/item/1005008409314314.html
Buttons,buttons,50,"0,10","5,09",https://www.aliexpress.com/item/1005012637969465.html
WOOD RODS,support,10,"0,28","2,78",https://www.aliexpress.com/item/1005005515488821.html
SCREWS,m2x14mm,50,"0,03","1,74",https://www.aliexpress.com/item/32969042589.html
PCV SHEET,200x300x0.5mm,3,"5,02","15,05",https://www.aliexpress.com/item/1005006872503220.html
2S LIPO,580mah 2s lipo,1,"17,17","17,17",https://www.aliexpress.com/item/1005009708702635.html
HEAT SKRINK,,164,"0,02","2,84",https://www.aliexpress.com/item/1005008146302901.html
NYLON FABRIC,nylon parachute fabrc 1 yard,1,"4,65","4,65",https://www.aliexpress.com/item/1005003032143116.html
EPOXY,expoxy resin,1,"4,79","4,79",https://www.aliexpress.com/item/1005009336504246.html
G38-4FJ rocket motor,rocket engines ,2,"49,50",99,https://www.allrockets.ca/G38-4
CHUTE PROTECTOR,4x4 chute protector,1,"7,40","7,4",https://www.allrockets.ca/Build/Shock-Cords/Kevlar-220
KEVLAR CORD,10ft 1.2mm (250lbs),1,"3,70","3,7",https://www.allrockets.ca/Accessories/Chute-Protector-4
,,,,,
,,,,,
taxes,aliexpress tax,,,"8,40",
shipping,standart canadian rocket store,,,"24,06",
taxes,canadian rocket store tax,,,"6,71",
,,,Components,"224,04",